"0","myt<- read.table(file = ""data/myt_all.csv"", sep = "";"", head = TRUE)"
"0","myt$Morph <- ifelse (test = myt$Z == 0, yes = ""T_m"", no = ""E_m"") "
"0","library(dplyr)"
"0","myt_prob <- myt %>% group_by(population) %>% summarise(Prop_Tm = mean(Morph == ""T_m"", na.rm = TRUE), Prop_MT = mean(species == ""trossulus"", na.rm = TRUE ) )"
"0","library(ggplot2)"
"0","ggplot( data = myt_prob, aes(x = Prop_MT, y = Prop_Tm))+geom_abline(slope = 1,intercept = 0, color = ""gray"", size = 2) + geom_point(size = 4, color = ""red"")+ theme_bw()+ labs(x = ""доля M.trossulus в точке сбора"", y = ""доля T-морфотипа в точке сбора"")"
