{"chunk_definitions":[{"chunk_id":"csetup_chunk","chunk_label":"setup","document_id":"8AF238BF","expansion_state":0,"options":{"engine":"r","include":false,"label":"setup"},"row":53,"row_count":1,"visible":true},{"chunk_id":"c3v4tbgayenq5","chunk_label":"table1","document_id":"8AF238BF","expansion_state":0,"options":{"engine":"r","label":"table1"},"row":131,"row_count":1,"visible":true}],"default_chunk_options":{"cache":true,"echo":false,"error":false,"message":false,"warning":false},"doc_write_time":1550591154,"working_dir":null}