{"chunk_definitions":[{"chunk_id":"csetup_chunk","chunk_label":"setup","document_id":"A0E33E0D","expansion_state":0,"options":{"engine":"r","include":false,"label":"setup"},"row":46,"row_count":1,"visible":true},{"chunk_id":"cs496gtu98bu9","chunk_label":"graph1","document_id":"A0E33E0D","expansion_state":0,"options":{"engine":"r","fig.align":"center","fig.height":4,"fig.keep":"all","label":"graph1"},"row":104,"row_count":1,"visible":true},{"chunk_id":"cw1re5y87dc2q","chunk_label":"unnamed-chunk-1","document_id":"A0E33E0D","expansion_state":0,"options":{"engine":"r","label":"unnamed-chunk-18"},"row":175,"row_count":1,"visible":true}],"default_chunk_options":{"cache":true,"echo":false,"error":false,"message":false,"warning":false},"doc_write_time":1549382839,"working_dir":null}